日付,銘柄名,Code,業種,TOPIXに占める個別銘柄のウエイト,ニューインデックス区分
20240930,ニッスイ,1332,水産・農林業,0.03%,TOPIX Mid400
20240930,マルハニチロ,1333,水産・農林業,0.02%,TOPIX Mid400
20240930,ショーボンドホールディングス,1414,建設業,0.03%,TOPIX Mid400
20240930,ミライト・ワン,1417,建設業,0.02%,TOPIX Mid400
20240930,ＩＮＰＥＸ,1605,鉱業,0.22%,TOPIX Mid400
20240930,コムシスホールディングス,1721,建設業,0.04%,TOPIX Mid400
20240930,大成建設,1801,建設業,0.15%,TOPIX Mid400
20240930,大林組,1802,建設業,0.17%,TOPIX Mid400
20240930,清水建設,1803,建設業,0.07%,TOPIX Mid400
20240930,長谷工コーポレーション,1808,建設業,0.05%,TOPIX Mid400
20240930,鹿島建設,1812,建設業,0.16%,TOPIX Mid400
20240930,西松建設,1820,建設業,0.03%,TOPIX Mid400
20240930,戸田建設,1860,建設業,0.03%,TOPIX Mid400
20240930,大東建託,1878,不動産業,0.17%,TOPIX Mid400
20240930,五洋建設,1893,建設業,0.02%,TOPIX Mid400
20240930,住友林業,1911,建設業,0.16%,TOPIX Mid400
20240930,大和ハウス工業,1925,建設業,0.33%,TOPIX Large70
20240930,積水ハウス,1928,建設業,0.32%,TOPIX Large70
20240930,きんでん,1944,建設業,0.06%,TOPIX Mid400
20240930,エクシオグループ,1951,建設業,0.04%,TOPIX Mid400
20240930,九電工,1959,建設業,0.04%,TOPIX Mid400
20240930,日揮ホールディングス,1963,建設業,0.03%,TOPIX Mid400
20240930,日清製粉グループ本社,2002,食料品,0.04%,TOPIX Mid400
20240930,日本Ｍ＆Ａセンターホールディングス,2127,サービス業,0.03%,TOPIX Mid400
20240930,エス・エム・エス,2175,サービス業,0.02%,TOPIX Mid400
20240930,パーソルホールディングス,2181,サービス業,0.07%,TOPIX Mid400
20240930,森永製菓,2201,食料品,0.03%,TOPIX Mid400
20240930,江崎グリコ,2206,食料品,0.03%,TOPIX Mid400
20240930,山崎製パン,2212,食料品,0.05%,TOPIX Mid400
20240930,寿スピリッツ,2222,食料品,0.02%,TOPIX Mid400
20240930,カルビー,2229,食料品,0.04%,TOPIX Mid400
20240930,森永乳業,2264,食料品,0.03%,TOPIX Mid400
20240930,ヤクルト本社,2267,食料品,0.13%,TOPIX Mid400
20240930,明治ホールディングス,2269,食料品,0.12%,TOPIX Mid400
20240930,日本ハム,2282,食料品,0.06%,TOPIX Mid400
20240930,綜合警備保障,2331,サービス業,0.05%,TOPIX Mid400
20240930,カカクコム,2371,サービス業,0.04%,TOPIX Mid400
20240930,エムスリー,2413,サービス業,0.08%,TOPIX Large70
20240930,ディー・エヌ・エー,2432,サービス業,0.02%,TOPIX Mid400
20240930,博報堂ＤＹホールディングス,2433,サービス業,0.04%,TOPIX Mid400
20240930,サッポロホールディングス,2501,食料品,0.07%,TOPIX Mid400
20240930,アサヒグループホールディングス,2502,食料品,0.37%,TOPIX Large70
20240930,キリンホールディングス,2503,食料品,0.24%,TOPIX Large70
20240930,宝ホールディングス,2531,食料品,0.02%,TOPIX Mid400
20240930,コカ・コーラ　ボトラーズジャパンホールディングス,2579,食料品,0.04%,TOPIX Mid400
20240930,サントリー食品インターナショナル,2587,食料品,0.10%,TOPIX Mid400
20240930,伊藤園,2593,食料品,0.03%,TOPIX Mid400
20240930,不二製油グループ本社,2607,食料品,0.02%,TOPIX Mid400
20240930,エービーシー・マート,2670,小売業,0.04%,TOPIX Mid400
20240930,双日,2768,卸売業,0.11%,TOPIX Mid400
20240930,アルフレッサ　ホールディングス,2784,卸売業,0.06%,TOPIX Mid400
20240930,キッコーマン,2801,食料品,0.14%,TOPIX Mid400
20240930,味の素,2802,食料品,0.34%,TOPIX Large70
20240930,キユーピー,2809,食料品,0.05%,TOPIX Mid400
20240930,ハウス食品グループ本社,2810,食料品,0.03%,TOPIX Mid400
20240930,カゴメ,2811,食料品,0.04%,TOPIX Mid400
20240930,ニチレイ,2871,食料品,0.05%,TOPIX Mid400
20240930,東洋水産,2875,食料品,0.12%,TOPIX Mid400
20240930,日清食品ホールディングス,2897,食料品,0.11%,TOPIX Mid400
20240930,日本たばこ産業,2914,食料品,0.67%,TOPIX Large70
20240930,ヒューリック,3003,不動産業,0.09%,TOPIX Mid400
20240930,神戸物産,3038,卸売業,0.10%,TOPIX Mid400
20240930,ＭｏｎｏｔａＲＯ,3064,小売業,0.10%,TOPIX Mid400
20240930,Ｊ．フロント　リテイリング,3086,小売業,0.05%,TOPIX Mid400
20240930,マツキヨココカラ＆カンパニー,3088,小売業,0.12%,TOPIX Mid400
20240930,ＺＯＺＯ,3092,小売業,0.09%,TOPIX Mid400
20240930,三越伊勢丹ホールディングス,3099,小売業,0.10%,TOPIX Mid400
20240930,日清紡ホールディングス,3105,電気機器,0.02%,TOPIX Mid400
20240930,ダイワボウホールディングス,3107,卸売業,0.03%,TOPIX Mid400
20240930,トヨタ紡織,3116,輸送用機器,0.02%,TOPIX Mid400
20240930,マクニカホールディングス,3132,卸売業,0.04%,TOPIX Mid400
20240930,ウエルシアホールディングス,3141,小売業,0.03%,TOPIX Mid400
20240930,すかいらーくホールディングス,3197,小売業,0.09%,TOPIX Mid400
20240930,野村不動産ホールディングス,3231,不動産業,0.06%,TOPIX Mid400
20240930,オープンハウスグループ,3288,不動産業,0.05%,TOPIX Mid400
20240930,東急不動産ホールディングス,3289,不動産業,0.08%,TOPIX Mid400
20240930,飯田グループホールディングス,3291,不動産業,0.06%,TOPIX Mid400
20240930,コスモス薬品,3349,小売業,0.04%,TOPIX Mid400
20240930,シップヘルスケアホールディングス,3360,卸売業,0.02%,TOPIX Mid400
20240930,セブン＆アイ・ホールディングス,3382,小売業,0.62%,TOPIX Core30
20240930,ツルハホールディングス,3391,小売業,0.05%,TOPIX Mid400
20240930,トリドールホールディングス,3397,小売業,0.03%,TOPIX Mid400
20240930,帝人,3401,繊維製品,0.04%,TOPIX Mid400
20240930,東レ,3402,繊維製品,0.15%,TOPIX Mid400
20240930,クラレ,3405,化学,0.08%,TOPIX Mid400
20240930,旭化成,3407,化学,0.20%,TOPIX Large70
20240930,ＳＵＭＣＯ,3436,金属製品,0.08%,TOPIX Mid400
20240930,クスリのアオキホールディングス,3549,小売業,0.03%,TOPIX Mid400
20240930,ＦＯＯＤ　＆　ＬＩＦＥ　ＣＯＭＰＡＮＩＥＳ,3563,小売業,0.04%,TOPIX Mid400
20240930,ワコールホールディングス,3591,繊維製品,0.02%,TOPIX Mid400
20240930,ＴＩＳ,3626,情報・通信業,0.10%,TOPIX Mid400
20240930,コーエーテクモホールディングス,3635,情報・通信業,0.03%,TOPIX Mid400
20240930,ネクソン,3659,情報・通信業,0.17%,TOPIX Mid400
20240930,ＳＨＩＦＴ,3697,情報・通信業,0.02%,TOPIX Mid400
20240930,ガンホー・オンライン・エンターテイメント,3765,情報・通信業,0.02%,TOPIX Mid400
20240930,ＧＭＯペイメントゲートウェイ,3769,情報・通信業,0.05%,TOPIX Mid400
20240930,インターネットイニシアティブ,3774,情報・通信業,0.04%,TOPIX Mid400
20240930,王子ホールディングス,3861,パルプ・紙,0.06%,TOPIX Mid400
20240930,大王製紙,3880,パルプ・紙,0.01%,TOPIX Mid400
20240930,ラクス,3923,情報・通信業,0.03%,TOPIX Mid400
20240930,レンゴー,3941,パルプ・紙,0.02%,TOPIX Mid400
20240930,マネーフォワード,3994,情報・通信業,0.04%,TOPIX Mid400
20240930,レゾナック・ホールディングス,4004,化学,0.09%,TOPIX Mid400
20240930,住友化学,4005,化学,0.08%,TOPIX Mid400
20240930,日産化学,4021,化学,0.06%,TOPIX Mid400
20240930,東ソー,4042,化学,0.07%,TOPIX Mid400
20240930,トクヤマ,4043,化学,0.03%,TOPIX Mid400
20240930,東亞合成,4045,化学,0.02%,TOPIX Mid400
20240930,デンカ,4061,化学,0.02%,TOPIX Mid400
20240930,イビデン,4062,電気機器,0.06%,TOPIX Mid400
20240930,信越化学工業,4063,化学,1.44%,TOPIX Core30
20240930,エア・ウォーター,4088,化学,0.05%,TOPIX Mid400
20240930,日本酸素ホールディングス,4091,化学,0.14%,TOPIX Mid400
20240930,日本触媒,4114,化学,0.03%,TOPIX Mid400
20240930,カネカ,4118,化学,0.03%,TOPIX Mid400
20240930,協和キリン,4151,医薬品,0.08%,TOPIX Mid400
20240930,三菱瓦斯化学,4182,化学,0.05%,TOPIX Mid400
20240930,三井化学,4183,化学,0.08%,TOPIX Mid400
20240930,東京応化工業,4186,化学,0.04%,TOPIX Mid400
20240930,三菱ケミカルグループ,4188,化学,0.18%,TOPIX Large70
20240930,ダイセル,4202,化学,0.04%,TOPIX Mid400
20240930,住友ベークライト,4203,化学,0.03%,TOPIX Mid400
20240930,積水化学工業,4204,化学,0.12%,TOPIX Mid400
20240930,日本ゼオン,4205,化学,0.03%,TOPIX Mid400
20240930,アイカ工業,4206,化学,0.02%,TOPIX Mid400
20240930,ＵＢＥ,4208,化学,0.03%,TOPIX Mid400
20240930,日本化薬,4272,化学,0.03%,TOPIX Mid400
20240930,野村総合研究所,4307,情報・通信業,0.31%,TOPIX Mid400
20240930,電通グループ,4324,サービス業,0.13%,TOPIX Mid400
20240930,メルカリ,4385,情報・通信業,0.03%,TOPIX Mid400
20240930,ＡＤＥＫＡ,4401,化学,0.03%,TOPIX Mid400
20240930,日油,4403,化学,0.06%,TOPIX Mid400
20240930,花王,4452,化学,0.47%,TOPIX Large70
20240930,ＪＭＤＣ,4483,情報・通信業,0.02%,TOPIX Mid400
20240930,武田薬品工業,4502,医薬品,0.98%,TOPIX Core30
20240930,アステラス製薬,4503,医薬品,0.39%,TOPIX Core30
20240930,塩野義製薬,4507,医薬品,0.20%,TOPIX Large70
20240930,日本新薬,4516,医薬品,0.03%,TOPIX Mid400
20240930,中外製薬,4519,医薬品,0.58%,TOPIX Large70
20240930,科研製薬,4521,医薬品,0.02%,TOPIX Mid400
20240930,エーザイ,4523,医薬品,0.18%,TOPIX Large70
20240930,ロート製薬,4527,医薬品,0.09%,TOPIX Mid400
20240930,小野薬品工業,4528,医薬品,0.11%,TOPIX Mid400
20240930,久光製薬,4530,医薬品,0.02%,TOPIX Mid400
20240930,参天製薬,4536,医薬品,0.08%,TOPIX Mid400
20240930,ツムラ,4540,医薬品,0.04%,TOPIX Mid400
20240930,テルモ,4543,精密機器,0.40%,TOPIX Large70
20240930,Ｈ．Ｕ．グループホールディングス,4544,サービス業,0.02%,TOPIX Mid400
20240930,第一三共,4568,医薬品,1.10%,TOPIX Core30
20240930,大塚ホールディングス,4578,医薬品,0.54%,TOPIX Large70
20240930,ペプチドリーム,4587,医薬品,0.03%,TOPIX Mid400
20240930,日本ペイントホールディングス,4612,化学,0.13%,TOPIX Mid400
20240930,関西ペイント,4613,化学,0.06%,TOPIX Mid400
20240930,ＤＩＣ,4631,化学,0.03%,TOPIX Mid400
20240930,オリエンタルランド,4661,サービス業,0.54%,TOPIX Large70
20240930,ダスキン,4665,サービス業,0.02%,TOPIX Mid400
20240930,パーク２４,4666,不動産業,0.04%,TOPIX Mid400
20240930,フジ・メディア・ホールディングス,4676,情報・通信業,0.04%,TOPIX Mid400
20240930,リゾートトラスト,4681,サービス業,0.03%,TOPIX Mid400
20240930,オービック,4684,情報・通信業,0.23%,TOPIX Mid400
20240930,ＬＩＮＥヤフー,4689,情報・通信業,0.16%,TOPIX Large70
20240930,トレンドマイクロ,4704,情報・通信業,0.12%,TOPIX Mid400
20240930,日本オラクル,4716,情報・通信業,0.08%,TOPIX Mid400
20240930,ユー・エス・エス,4732,サービス業,0.08%,TOPIX Mid400
20240930,オービックビジネスコンサルタント,4733,情報・通信業,0.03%,TOPIX Mid400
20240930,サイバーエージェント,4751,サービス業,0.06%,TOPIX Mid400
20240930,楽天グループ,4755,サービス業,0.18%,TOPIX Mid400
20240930,大塚商会,4768,情報・通信業,0.11%,TOPIX Mid400
20240930,サワイグループホールディングス,4887,医薬品,0.04%,TOPIX Mid400
20240930,富士フイルムホールディングス,4901,化学,0.55%,TOPIX Large70
20240930,コニカミノルタ,4902,電気機器,0.03%,TOPIX Mid400
20240930,資生堂,4911,化学,0.22%,TOPIX Large70
20240930,ライオン,4912,化学,0.06%,TOPIX Mid400
20240930,ミルボン,4919,化学,0.01%,TOPIX Mid400
20240930,ファンケル,4921,化学,0.02%,TOPIX Mid400
20240930,コーセー,4922,化学,0.05%,TOPIX Mid400
20240930,ポーラ・オルビスホールディングス,4927,化学,0.02%,TOPIX Mid400
20240930,小林製薬,4967,化学,0.04%,TOPIX Mid400
20240930,デクセリアルズ,4980,化学,0.04%,TOPIX Mid400
20240930,出光興産,5019,石油・石炭製品,0.14%,TOPIX Mid400
20240930,ＥＮＥＯＳホールディングス,5020,石油・石炭製品,0.33%,TOPIX Large70
20240930,コスモエネルギーホールディングス,5021,石油・石炭製品,0.06%,TOPIX Mid400
20240930,インフロニア・ホールディングス,5076,建設業,0.04%,TOPIX Mid400
20240930,横浜ゴム,5101,ゴム製品,0.04%,TOPIX Mid400
20240930,ＴＯＹＯ　ＴＩＲＥ,5105,ゴム製品,0.03%,TOPIX Mid400
20240930,ブリヂストン,5108,ゴム製品,0.43%,TOPIX Large70
20240930,住友ゴム工業,5110,ゴム製品,0.04%,TOPIX Mid400
20240930,ＡＧＣ,5201,ガラス・土石製品,0.12%,TOPIX Mid400
20240930,日本電気硝子,5214,ガラス・土石製品,0.03%,TOPIX Mid400
20240930,住友大阪セメント,5232,ガラス・土石製品,0.02%,TOPIX Mid400
20240930,太平洋セメント,5233,ガラス・土石製品,0.05%,TOPIX Mid400
20240930,東海カーボン,5301,ガラス・土石製品,0.02%,TOPIX Mid400
20240930,ＴＯＴＯ,5332,ガラス・土石製品,0.09%,TOPIX Mid400
20240930,日本碍子,5333,ガラス・土石製品,0.06%,TOPIX Mid400
20240930,日本特殊陶業,5334,ガラス・土石製品,0.09%,TOPIX Mid400
20240930,日本製鉄,5401,鉄鋼,0.42%,TOPIX Large70
20240930,神戸製鋼所,5406,鉄鋼,0.10%,TOPIX Mid400
20240930,ＪＦＥホールディングス,5411,鉄鋼,0.15%,TOPIX Mid400
20240930,大和工業,5444,鉄鋼,0.04%,TOPIX Mid400
20240930,丸一鋼管,5463,鉄鋼,0.03%,TOPIX Mid400
20240930,大同特殊鋼,5471,鉄鋼,0.02%,TOPIX Mid400
20240930,日本製鋼所,5631,機械,0.04%,TOPIX Mid400
20240930,三井金属鉱業,5706,非鉄金属,0.04%,TOPIX Mid400
20240930,三菱マテリアル,5711,非鉄金属,0.05%,TOPIX Mid400
20240930,住友金属鉱山,5713,非鉄金属,0.14%,TOPIX Mid400
20240930,ＤＯＷＡホールディングス,5714,非鉄金属,0.04%,TOPIX Mid400
20240930,古河電気工業,5801,非鉄金属,0.03%,TOPIX Mid400
20240930,住友電気工業,5802,非鉄金属,0.24%,TOPIX Large70
20240930,フジクラ,5803,非鉄金属,0.16%,TOPIX Mid400
20240930,いよぎんホールディングス,5830,銀行業,0.04%,TOPIX Mid400
20240930,しずおかフィナンシャルグループ,5831,銀行業,0.07%,TOPIX Mid400
20240930,ちゅうぎんフィナンシャルグループ,5832,銀行業,0.03%,TOPIX Mid400
20240930,京都フィナンシャルグループ,5844,銀行業,0.07%,TOPIX Mid400
20240930,東洋製罐グループホールディングス,5901,金属製品,0.04%,TOPIX Mid400
20240930,三和ホールディングス,5929,金属製品,0.10%,TOPIX Mid400
20240930,ＬＩＸＩＬ,5938,金属製品,0.07%,TOPIX Mid400
20240930,リンナイ,5947,金属製品,0.05%,TOPIX Mid400
20240930,日本発條,5991,金属製品,0.04%,TOPIX Mid400
20240930,三浦工業,6005,機械,0.04%,TOPIX Mid400
20240930,テクノプロ・ホールディングス,6028,サービス業,0.04%,TOPIX Mid400
20240930,リクルートホールディングス,6098,サービス業,1.73%,TOPIX Core30
20240930,オークマ,6103,機械,0.01%,TOPIX Mid400
20240930,アマダ,6113,機械,0.06%,TOPIX Mid400
20240930,ＦＵＪＩ,6134,機械,0.03%,TOPIX Mid400
20240930,オーエスジー,6136,機械,0.02%,TOPIX Mid400
20240930,ＤＭＧ森精機,6141,機械,0.05%,TOPIX Mid400
20240930,ディスコ,6146,機械,0.49%,TOPIX Large70
20240930,日本郵政,6178,サービス業,0.39%,TOPIX Large70
20240930,豊田自動織機,6201,輸送用機器,0.25%,TOPIX Mid400
20240930,ナブテスコ,6268,機械,0.04%,TOPIX Mid400
20240930,ＳＭＣ,6273,機械,0.52%,TOPIX Core30
20240930,小松製作所,6301,機械,0.50%,TOPIX Large70
20240930,住友重機械工業,6302,機械,0.06%,TOPIX Mid400
20240930,日立建機,6305,機械,0.04%,TOPIX Mid400
20240930,クボタ,6326,機械,0.29%,TOPIX Large70
20240930,荏原製作所,6361,機械,0.13%,TOPIX Mid400
20240930,ダイキン工業,6367,機械,0.65%,TOPIX Core30
20240930,栗田工業,6370,機械,0.09%,TOPIX Mid400
20240930,ダイフク,6383,機械,0.13%,TOPIX Mid400
20240930,タダノ,6395,機械,0.01%,TOPIX Mid400
20240930,フジテック,6406,機械,0.03%,TOPIX Mid400
20240930,ＳＡＮＫＹＯ,6417,機械,0.06%,TOPIX Mid400
20240930,アマノ,6436,機械,0.03%,TOPIX Mid400
20240930,ブラザー工業,6448,電気機器,0.10%,TOPIX Mid400
20240930,グローリー,6457,機械,0.02%,TOPIX Mid400
20240930,セガサミーホールディングス,6460,機械,0.07%,TOPIX Mid400
20240930,ホシザキ,6465,機械,0.09%,TOPIX Mid400
20240930,日本精工,6471,機械,0.04%,TOPIX Mid400
20240930,ＮＴＮ,6472,機械,0.02%,TOPIX Mid400
20240930,ジェイテクト,6473,機械,0.02%,TOPIX Mid400
20240930,ミネベアミツミ,6479,電気機器,0.13%,TOPIX Mid400
20240930,ＴＨＫ,6481,機械,0.04%,TOPIX Mid400
20240930,日立製作所,6501,電気機器,2.46%,TOPIX Core30
20240930,三菱電機,6503,電気機器,0.68%,TOPIX Large70
20240930,富士電機,6504,電気機器,0.14%,TOPIX Mid400
20240930,安川電機,6506,電気機器,0.15%,TOPIX Mid400
20240930,ソシオネクスト,6526,電気機器,0.06%,TOPIX Mid400
20240930,ベイカレント,6532,サービス業,0.11%,TOPIX Mid400
20240930,マキタ,6586,機械,0.15%,TOPIX Mid400
20240930,マブチモーター,6592,電気機器,0.03%,TOPIX Mid400
20240930,ニデック,6594,電気機器,0.36%,TOPIX Core30
20240930,オムロン,6645,電気機器,0.14%,TOPIX Large70
20240930,ジーエス・ユアサ　コーポレーション,6674,電気機器,0.03%,TOPIX Mid400
20240930,日本電気,6701,電気機器,0.49%,TOPIX Large70
20240930,富士通,6702,電気機器,0.73%,TOPIX Large70
20240930,サンケン電気,6707,電気機器,0.02%,TOPIX Mid400
20240930,ルネサスエレクトロニクス,6723,電気機器,0.43%,TOPIX Large70
20240930,セイコーエプソン,6724,電気機器,0.09%,TOPIX Mid400
20240930,アルバック,6728,電気機器,0.05%,TOPIX Mid400
20240930,パナソニック　ホールディングス,6752,電気機器,0.40%,TOPIX Large70
20240930,シャープ,6753,電気機器,0.04%,TOPIX Mid400
20240930,アンリツ,6754,電気機器,0.02%,TOPIX Mid400
20240930,富士通ゼネラル,6755,電気機器,0.02%,TOPIX Mid400
20240930,ソニーグループ,6758,電気機器,2.61%,TOPIX Core30
20240930,ＴＤＫ,6762,電気機器,0.39%,TOPIX Mid400
20240930,アルプスアルパイン,6770,電気機器,0.04%,TOPIX Mid400
20240930,ヒロセ電機,6806,電気機器,0.07%,TOPIX Mid400
20240930,横河電機,6841,電気機器,0.11%,TOPIX Mid400
20240930,アズビル,6845,電気機器,0.09%,TOPIX Mid400
20240930,日本光電工業,6849,電気機器,0.05%,TOPIX Mid400
20240930,堀場製作所,6856,電気機器,0.05%,TOPIX Mid400
20240930,アドバンテスト,6857,電気機器,0.52%,TOPIX Large70
20240930,キーエンス,6861,電気機器,1.84%,TOPIX Core30
20240930,シスメックス,6869,電気機器,0.20%,TOPIX Large70
20240930,デンソー,6902,輸送用機器,0.47%,TOPIX Large70
20240930,レーザーテック,6920,電気機器,0.29%,TOPIX Large70
20240930,スタンレー電気,6923,電気機器,0.04%,TOPIX Mid400
20240930,ウシオ電機,6925,電気機器,0.02%,TOPIX Mid400
20240930,日本電子,6951,電気機器,0.04%,TOPIX Mid400
20240930,カシオ計算機,6952,電気機器,0.02%,TOPIX Mid400
20240930,ファナック,6954,電気機器,0.54%,TOPIX Core30
20240930,ローム,6963,電気機器,0.08%,TOPIX Mid400
20240930,浜松ホトニクス,6965,電気機器,0.08%,TOPIX Mid400
20240930,三井ハイテック,6966,電気機器,0.01%,TOPIX Mid400
20240930,新光電気工業,6967,電気機器,0.05%,TOPIX Mid400
20240930,京セラ,6971,電気機器,0.28%,TOPIX Large70
20240930,太陽誘電,6976,電気機器,0.04%,TOPIX Mid400
20240930,村田製作所,6981,電気機器,0.67%,TOPIX Core30
20240930,日東電工,6988,化学,0.20%,TOPIX Mid400
20240930,三菱重工業,7011,機械,1.00%,TOPIX Large70
20240930,川崎重工業,7012,輸送用機器,0.13%,TOPIX Mid400
20240930,ＩＨＩ,7013,機械,0.15%,TOPIX Mid400
20240930,全国保証,7164,その他金融業,0.04%,TOPIX Mid400
20240930,めぶきフィナンシャルグループ,7167,銀行業,0.07%,TOPIX Mid400
20240930,九州フィナンシャルグループ,7180,銀行業,0.04%,TOPIX Mid400
20240930,かんぽ生命保険,7181,保険業,0.07%,TOPIX Mid400
20240930,ゆうちょ銀行,7182,銀行業,0.39%,TOPIX Mid400
20240930,コンコルディア・フィナンシャルグループ,7186,銀行業,0.11%,TOPIX Mid400
20240930,日産自動車,7201,輸送用機器,0.14%,TOPIX Large70
20240930,いすゞ自動車,7202,輸送用機器,0.15%,TOPIX Mid400
20240930,トヨタ自動車,7203,輸送用機器,3.63%,TOPIX Core30
20240930,日野自動車,7205,輸送用機器,0.02%,TOPIX Mid400
20240930,三菱自動車工業,7211,輸送用機器,0.04%,TOPIX Mid400
20240930,ＮＯＫ,7240,輸送用機器,0.02%,TOPIX Mid400
20240930,アイシン,7259,輸送用機器,0.09%,TOPIX Mid400
20240930,マツダ,7261,輸送用機器,0.10%,TOPIX Mid400
20240930,本田技研工業,7267,輸送用機器,0.96%,TOPIX Core30
20240930,スズキ,7269,輸送用機器,0.31%,TOPIX Large70
20240930,ＳＵＢＡＲＵ,7270,輸送用機器,0.21%,TOPIX Large70
20240930,ヤマハ発動機,7272,輸送用機器,0.15%,TOPIX Mid400
20240930,小糸製作所,7276,電気機器,0.06%,TOPIX Mid400
20240930,豊田合成,7282,輸送用機器,0.02%,TOPIX Mid400
20240930,シマノ,7309,輸送用機器,0.32%,TOPIX Large70
20240930,テイ・エス　テック,7313,輸送用機器,0.02%,TOPIX Mid400
20240930,ひろぎんホールディングス,7337,銀行業,0.04%,TOPIX Mid400
20240930,良品計画,7453,小売業,0.09%,TOPIX Mid400
20240930,第一興商,7458,卸売業,0.02%,TOPIX Mid400
20240930,メディパルホールディングス,7459,卸売業,0.07%,TOPIX Mid400
20240930,アズワン,7476,卸売業,0.03%,TOPIX Mid400
20240930,ネットワンシステムズ,7518,情報・通信業,0.04%,TOPIX Mid400
20240930,パン・パシフィック・インターナショナルホールディングス,7532,小売業,0.21%,TOPIX Mid400
20240930,ゼンショーホールディングス,7550,小売業,0.11%,TOPIX Mid400
20240930,コロワイド,7616,小売業,0.03%,TOPIX Mid400
20240930,スギホールディングス,7649,小売業,0.05%,TOPIX Mid400
20240930,島津製作所,7701,精密機器,0.17%,TOPIX Mid400
20240930,東京精密,7729,精密機器,0.04%,TOPIX Mid400
20240930,マニー,7730,精密機器,0.02%,TOPIX Mid400
20240930,ニコン,7731,精密機器,0.06%,TOPIX Mid400
20240930,トプコン,7732,精密機器,0.02%,TOPIX Mid400
20240930,オリンパス,7733,精密機器,0.42%,TOPIX Large70
20240930,ＳＣＲＥＥＮホールディングス,7735,電気機器,0.09%,TOPIX Mid400
20240930,ＨＯＹＡ,7741,精密機器,1.05%,TOPIX Core30
20240930,朝日インテック,7747,精密機器,0.08%,TOPIX Mid400
20240930,キヤノン,7751,電気機器,0.63%,TOPIX Large70
20240930,リコー,7752,電気機器,0.10%,TOPIX Mid400
20240930,メニコン,7780,精密機器,0.01%,TOPIX Mid400
20240930,バンダイナムコホールディングス,7832,その他製品,0.24%,TOPIX Large70
20240930,パイロットコーポレーション,7846,その他製品,0.02%,TOPIX Mid400
20240930,タカラトミー,7867,その他製品,0.05%,TOPIX Mid400
20240930,ＴＯＰＰＡＮホールディングス,7911,その他製品,0.14%,TOPIX Mid400
20240930,大日本印刷,7912,その他製品,0.14%,TOPIX Mid400
20240930,アシックス,7936,その他製品,0.30%,TOPIX Mid400
20240930,エフピコ,7947,化学,0.01%,TOPIX Mid400
20240930,ヤマハ,7951,その他製品,0.06%,TOPIX Mid400
20240930,ピジョン,7956,その他製品,0.03%,TOPIX Mid400
20240930,任天堂,7974,その他製品,1.29%,TOPIX Core30
20240930,コクヨ,7984,その他製品,0.03%,TOPIX Mid400
20240930,ニフコ,7988,化学,0.03%,TOPIX Mid400
20240930,伊藤忠商事,8001,卸売業,1.47%,TOPIX Core30
20240930,丸紅,8002,卸売業,0.55%,TOPIX Large70
20240930,長瀬産業,8012,卸売業,0.04%,TOPIX Mid400
20240930,豊田通商,8015,卸売業,0.19%,TOPIX Mid400
20240930,三井物産,8031,卸売業,1.35%,TOPIX Core30
20240930,東京エレクトロン,8035,電気機器,1.44%,TOPIX Core30
20240930,住友商事,8053,卸売業,0.54%,TOPIX Large70
20240930,ＢＩＰＲＯＧＹ,8056,情報・通信業,0.04%,TOPIX Mid400
20240930,三菱商事,8058,卸売業,1.61%,TOPIX Core30
20240930,キヤノンマーケティングジャパン,8060,卸売業,0.03%,TOPIX Mid400
20240930,ニプロ,8086,精密機器,0.03%,TOPIX Mid400
20240930,岩谷産業,8088,卸売業,0.05%,TOPIX Mid400
20240930,ゴールドウイン,8111,繊維製品,0.04%,TOPIX Mid400
20240930,ユニ・チャーム,8113,化学,0.29%,TOPIX Large70
20240930,東邦ホールディングス,8129,卸売業,0.03%,TOPIX Mid400
20240930,サンリオ,8136,卸売業,0.10%,TOPIX Mid400
20240930,日本瓦斯,8174,小売業,0.03%,TOPIX Mid400
20240930,しまむら,8227,小売業,0.05%,TOPIX Mid400
20240930,高島屋,8233,小売業,0.04%,TOPIX Mid400
20240930,丸井グループ,8252,小売業,0.05%,TOPIX Mid400
20240930,クレディセゾン,8253,その他金融業,0.06%,TOPIX Mid400
20240930,イオン,8267,小売業,0.38%,TOPIX Large70
20240930,イズミ,8273,小売業,0.02%,TOPIX Mid400
20240930,ヤオコー,8279,小売業,0.03%,TOPIX Mid400
20240930,ケーズホールディングス,8282,小売業,0.03%,TOPIX Mid400
20240930,ＰＡＬＴＡＣ,8283,卸売業,0.02%,TOPIX Mid400
20240930,あおぞら銀行,8304,銀行業,0.05%,TOPIX Mid400
20240930,三菱ＵＦＪフィナンシャル・グループ,8306,銀行業,2.34%,TOPIX Core30
20240930,りそなホールディングス,8308,銀行業,0.30%,TOPIX Large70
20240930,三井住友トラスト・ホールディングス,8309,銀行業,0.32%,TOPIX Large70
20240930,三井住友フィナンシャルグループ,8316,銀行業,1.68%,TOPIX Core30
20240930,千葉銀行,8331,銀行業,0.09%,TOPIX Mid400
20240930,群馬銀行,8334,銀行業,0.05%,TOPIX Mid400
20240930,ふくおかフィナンシャルグループ,8354,銀行業,0.08%,TOPIX Mid400
20240930,八十二銀行,8359,銀行業,0.05%,TOPIX Mid400
20240930,ほくほくフィナンシャルグループ,8377,銀行業,0.03%,TOPIX Mid400
20240930,セブン銀行,8410,銀行業,0.02%,TOPIX Mid400
20240930,みずほフィナンシャルグループ,8411,銀行業,1.05%,TOPIX Core30
20240930,山口フィナンシャルグループ,8418,銀行業,0.04%,TOPIX Mid400
20240930,芙蓉総合リース,8424,その他金融業,0.03%,TOPIX Mid400
20240930,東京センチュリー,8439,その他金融業,0.03%,TOPIX Mid400
20240930,ＳＢＩホールディングス,8473,証券、商品先物取引業,0.14%,TOPIX Mid400
20240930,イオンフィナンシャルサービス,8570,その他金融業,0.02%,TOPIX Mid400
20240930,アコム,8572,その他金融業,0.02%,TOPIX Mid400
20240930,オリックス,8591,その他金融業,0.53%,TOPIX Large70
20240930,三菱ＨＣキャピタル,8593,その他金融業,0.12%,TOPIX Mid400
20240930,ジャフコ　グループ,8595,証券、商品先物取引業,0.02%,TOPIX Mid400
20240930,大和証券グループ本社,8601,証券、商品先物取引業,0.21%,TOPIX Mid400
20240930,野村ホールディングス,8604,証券、商品先物取引業,0.33%,TOPIX Large70
20240930,ＳＯＭＰＯホールディングス,8630,保険業,0.38%,TOPIX Large70
20240930,日本取引所グループ,8697,その他金融業,0.25%,TOPIX Large70
20240930,ＭＳ＆ＡＤインシュアランスグループホールディングス,8725,保険業,0.59%,TOPIX Large70
20240930,第一生命ホールディングス,8750,保険業,0.46%,TOPIX Large70
20240930,東京海上ホールディングス,8766,保険業,1.35%,TOPIX Core30
20240930,Ｔ＆Ｄホールディングス,8795,保険業,0.18%,TOPIX Mid400
20240930,三井不動産,8801,不動産業,0.49%,TOPIX Large70
20240930,三菱地所,8802,不動産業,0.37%,TOPIX Large70
20240930,東京建物,8804,不動産業,0.05%,TOPIX Mid400
20240930,住友不動産,8830,不動産業,0.18%,TOPIX Large70
20240930,リログループ,8876,サービス業,0.03%,TOPIX Mid400
20240930,イオンモール,8905,不動産業,0.03%,TOPIX Mid400
20240930,東武鉄道,9001,陸運業,0.07%,TOPIX Mid400
20240930,相鉄ホールディングス,9003,陸運業,0.02%,TOPIX Mid400
20240930,東急,9005,陸運業,0.14%,TOPIX Mid400
20240930,京浜急行電鉄,9006,陸運業,0.04%,TOPIX Mid400
20240930,小田急電鉄,9007,陸運業,0.07%,TOPIX Mid400
20240930,京王電鉄,9008,陸運業,0.04%,TOPIX Mid400
20240930,京成電鉄,9009,陸運業,0.07%,TOPIX Mid400
20240930,東日本旅客鉄道,9020,陸運業,0.42%,TOPIX Large70
20240930,西日本旅客鉄道,9021,陸運業,0.17%,TOPIX Large70
20240930,東海旅客鉄道,9022,陸運業,0.34%,TOPIX Large70
20240930,西武ホールディングス,9024,陸運業,0.10%,TOPIX Mid400
20240930,西日本鉄道,9031,陸運業,0.02%,TOPIX Mid400
20240930,近鉄グループホールディングス,9041,陸運業,0.10%,TOPIX Mid400
20240930,阪急阪神ホールディングス,9042,陸運業,0.16%,TOPIX Mid400
20240930,南海電気鉄道,9044,陸運業,0.03%,TOPIX Mid400
20240930,京阪ホールディングス,9045,陸運業,0.04%,TOPIX Mid400
20240930,名古屋鉄道,9048,陸運業,0.05%,TOPIX Mid400
20240930,ヤマトホールディングス,9064,陸運業,0.05%,TOPIX Mid400
20240930,山九,9065,陸運業,0.03%,TOPIX Mid400
20240930,ニッコンホールディングス,9072,陸運業,0.03%,TOPIX Mid400
20240930,セイノーホールディングス,9076,陸運業,0.04%,TOPIX Mid400
20240930,日本郵船,9101,海運業,0.36%,TOPIX Large70
20240930,商船三井,9104,海運業,0.29%,TOPIX Mid400
20240930,川崎汽船,9107,海運業,0.14%,TOPIX Mid400
20240930,九州旅客鉄道,9142,陸運業,0.08%,TOPIX Mid400
20240930,ＳＧホールディングス,9143,陸運業,0.07%,TOPIX Mid400
20240930,ＮＩＰＰＯＮ　ＥＸＰＲＥＳＳホールディングス,9147,陸運業,0.08%,TOPIX Mid400
20240930,日本航空,9201,空運業,0.17%,TOPIX Mid400
20240930,ＡＮＡホールディングス,9202,空運業,0.22%,TOPIX Large70
20240930,三菱倉庫,9301,倉庫・運輸関連業,0.03%,TOPIX Mid400
20240930,上組,9364,倉庫・運輸関連業,0.04%,TOPIX Mid400
20240930,ＴＢＳホールディングス,9401,情報・通信業,0.05%,TOPIX Mid400
20240930,日本テレビホールディングス,9404,情報・通信業,0.05%,TOPIX Mid400
20240930,日本電信電話,9432,情報・通信業,1.18%,TOPIX Core30
20240930,ＫＤＤＩ,9433,情報・通信業,0.91%,TOPIX Core30
20240930,ソフトバンク,9434,情報・通信業,0.81%,TOPIX Core30
20240930,光通信,9435,情報・通信業,0.09%,TOPIX Mid400
20240930,ＧＭＯインターネットグループ,9449,情報・通信業,0.02%,TOPIX Mid400
20240930,ＫＡＤＯＫＡＷＡ,9468,情報・通信業,0.05%,TOPIX Mid400
20240930,東京電力ホールディングス,9501,電気・ガス業,0.15%,TOPIX Mid400
20240930,中部電力,9502,電気・ガス業,0.17%,TOPIX Mid400
20240930,関西電力,9503,電気・ガス業,0.25%,TOPIX Mid400
20240930,中国電力,9504,電気・ガス業,0.05%,TOPIX Mid400
20240930,北陸電力,9505,電気・ガス業,0.03%,TOPIX Mid400
20240930,東北電力,9506,電気・ガス業,0.10%,TOPIX Mid400
20240930,四国電力,9507,電気・ガス業,0.03%,TOPIX Mid400
20240930,九州電力,9508,電気・ガス業,0.10%,TOPIX Mid400
20240930,北海道電力,9509,電気・ガス業,0.03%,TOPIX Mid400
20240930,電源開発,9513,電気・ガス業,0.05%,TOPIX Mid400
20240930,東京瓦斯,9531,電気・ガス業,0.17%,TOPIX Mid400
20240930,大阪瓦斯,9532,電気・ガス業,0.17%,TOPIX Mid400
20240930,東邦瓦斯,9533,電気・ガス業,0.05%,TOPIX Mid400
20240930,松竹,9601,情報・通信業,0.01%,TOPIX Mid400
20240930,東宝,9602,情報・通信業,0.09%,TOPIX Mid400
20240930,ＮＴＴデータグループ,9613,情報・通信業,0.18%,TOPIX Mid400
20240930,共立メンテナンス,9616,サービス業,0.02%,TOPIX Mid400
20240930,アインホールディングス,9627,小売業,0.02%,TOPIX Mid400
20240930,スクウェア・エニックス・ホールディングス,9684,情報・通信業,0.07%,TOPIX Mid400
20240930,カプコン,9697,情報・通信業,0.16%,TOPIX Mid400
20240930,日本空港ビルデング,9706,不動産業,0.05%,TOPIX Mid400
20240930,ＳＣＳＫ,9719,情報・通信業,0.06%,TOPIX Mid400
20240930,セコム,9735,サービス業,0.30%,TOPIX Large70
20240930,メイテックグループホールディングス,9744,サービス業,0.03%,TOPIX Mid400
20240930,コナミグループ,9766,情報・通信業,0.15%,TOPIX Mid400
20240930,ヤマダホールディングス,9831,小売業,0.04%,TOPIX Mid400
20240930,オートバックスセブン,9832,卸売業,0.01%,TOPIX Mid400
20240930,ニトリホールディングス,9843,小売業,0.23%,TOPIX Large70
20240930,吉野家ホールディングス,9861,小売業,0.03%,TOPIX Mid400
20240930,ミスミグループ本社,9962,卸売業,0.11%,TOPIX Mid400
20240930,ファーストリテイリング,9983,小売業,0.76%,TOPIX Large70
20240930,ソフトバンクグループ,9984,情報・通信業,1.12%,TOPIX Core30
20240930,スズケン,9987,卸売業,0.05%,TOPIX Mid400
20240930,サンドラッグ,9989,小売業,0.04%,TOPIX Mid400
